<?xml version="1.0" encoding="UTF-8"?>
<assembly
	xmlns="http://maven.apache.org/plugins/maven-assembly-plugin/assembly/1.1.1"
	xmlns:xsi="http://www.w3.org/2001/XMLSchema-instance"
	xsi:schemaLocation="http://maven.apache.org/plugins/maven-assembly-plugin/assembly/1.1.1
        http://maven.apache.org/xsd/assembly-1.1.1.xsd">
	<id>seleniumframework</id>
	<formats>
		<format>jar</format>
	</formats>
	<includeBaseDirectory>false</includeBaseDirectory>
	<files>
		<file>
			<source>${webdriver.chrome.driver}</source>
			<outputDirectory>.</outputDirectory>
			<filtered>true</filtered>
		</file>
		<file>
			<source>${webdriver.ie.driver}</source>
			<outputDirectory>.</outputDirectory>
			<filtered>true</filtered>
		</file>
		<file>
			<source>${webdriver.opera.driver}</source>
			<outputDirectory>.</outputDirectory>
			<filtered>true</filtered>
		</file>
		<file>
			<source>${phantomjs.binary.path}</source>
			<outputDirectory>.</outputDirectory>
			<filtered>true</filtered>
		</file>
		<file>
			<source>${webdriver.gecko.driver}</source>
			<outputDirectory>.</outputDirectory>
			<filtered>true</filtered>
		</file>
	</files>

</assembly>